Location,Name,Mode,Size
"000004e0","FUN_000004e0",$a,00000004
"00003b58","FUN_00003b58",$a,00000130
"00000318","FUN_00000318",$a,00000004
"00000438","FUN_00000438",$a,00000004
"00000558","FUN_00000558",$a,00000004
"00000678","FUN_00000678",$a,00000004
"00001764","FUN_00001764",$a,000000f0
"00000310","FUN_00000310",$a,00000004
"00000430","FUN_00000430",$a,00000004
"00000550","FUN_00000550",$a,00000004
"00000560","FUN_00000560",$a,00000004
"00000680","FUN_00000680",$a,00000004
"000028c8","FUN_000026c0_000028c8",$a,000001c8
"000002a8","FUN_000002a8",$a,00000004
"000003c8","FUN_000003c8",$a,00000004
"000004e8","FUN_000004e8",$a,00000004
"000002a0","FUN_000002a0",$a,00000004
"000003c0","FUN_000003c0",$a,00000004
"000003d0","FUN_000003d0",$a,00000004
"000004f0","FUN_000004f0",$a,00000004
"00000328","FUN_00000328",$a,00000004
"00000448","FUN_00000448",$a,00000004
"00000568","FUN_00000568",$a,00000004
"00000688","FUN_00000688",$a,00000004
"00000320","FUN_00000320",$a,00000004
"00000440","FUN_00000440",$a,00000004
"00000450","FUN_00000450",$a,00000004
"00000570","FUN_00000570",$a,00000004
"00000690","FUN_00000690",$a,00000004
"000002b8","FUN_000002b8",$a,00000004
"000003d8","FUN_000003d8",$a,00000004
"000004f8","FUN_000004f8",$a,00000004
"00003838","FUN_00003838",$a,00000138
"00001508","FUN_00001508_00001508",$a,00000030
"000002b0","FUN_000002b0",$a,00000004
"00000418","FUN_00000418",$a,00000004
"00000538","FUN_00000538",$a,00000004
"00000658","FUN_00000658",$a,00000004
"00000778","FUN_00000778",$a,00000004
"00000898","FUN_00000898",$a,00000004
"00001a34","FUN_00001a34_00001a34",$a,00000048
"00000410","FUN_00000410",$a,00000004
"000049a8","FUN_000049a8",$a,00000020
"00000530","FUN_00000530",$a,00000004
"00001860","FUN_00001860",$a,00000164
"00000650","FUN_00000650",$a,00000004
"00000770","FUN_00000770",$a,00000004
"00000780","FUN_00000780",$a,00000004
"000003a8","FUN_000003a8",$a,00000004
"000004c8","FUN_000004c8",$a,00000004
"000005e8","FUN_000005e8",$a,00000004
"000020e0","FUN_000020e0",$a,00000214
"000003a0","FUN_000003a0",$a,00000004
"000004c0","FUN_000004c0",$a,00000004
"000005e0","FUN_000005e0",$a,00000004
"000005f0","FUN_000005f0",$a,00000004
"000011bc","FUN_000011bc_000011bc",$a,00000024
"00000308","FUN_00000308",$a,00000004
"00000428","FUN_00000428",$a,00000004
"00000548","FUN_00000548",$a,00000004
"00000668","FUN_00000668",$a,00000004
"00000788","FUN_00000788",$a,00000004
"000019c4","FUN_000019c4_000019c4",$a,0000004c
"00000300","FUN_00000300",$a,00000004
"00000420","FUN_00000420",$a,00000004
"00000540","FUN_00000540",$a,00000004
"00004cec","nnroControlObject__00004cec",$a,00000060
"00000660","FUN_00000660",$a,00000004
"00000670","FUN_00000670",$a,00000004
"00000790","FUN_00000790",$a,00000004
"000003b8","FUN_000003b8",$a,00000004
"00002d24","FUN_00002d24_00002d24",$a,0000004c
"000004d8","FUN_000004d8",$a,00000004
"00001080","FUN_00001080",$a,00000114
"000005f8","FUN_000005f8",$a,00000004
"0000174c","FUN_0000174c",$a,00000010
"0000324c","FUN_0000324c",$a,00000344
"000003b0","FUN_000003b0",$a,00000004
"000004d0","FUN_000004d0",$a,00000004
"000048e4","FUN_000048e4",$a,00000024
"00004d74","OnLoad",$d,00000001
"00004280","FUN_00004280",$a,00000030
"00000910","FUN_00000910",$a,00000004
"00000238","FUN_00000238",$a,00000004
"00000358","FUN_00000358",$a,00000004
"00000478","FUN_00000478",$a,00000004
"00000598","FUN_00000598",$a,00000004
"000001ac","FUN_000001ac",$t,00000028
"000008a8","FUN_000008a8",$a,00000004
"00000240","FUN_00000240",$a,00000004
"00003984","FUN_00003984",$a,0000001c
"00000490","FUN_000019c4_00000490",$a,00000004
"00000e6c","FUN_00000e6c",$a,00000104
"00000360","FUN_00000360",$a,00000004
"00002878","switchD_00002870::switchdataD_00002878",$d,00000004
"00000480","FUN_00000480",$a,00000004
"00001a7c","switchD_00001a74::switchdataD_00001a7c",$d,00000004
"00001ab0","FUN_00001a34_00001ab0",$a,00000450
"000008a0","FUN_000008a0",$a,00000004
"00002418","FUN_00002418",$a,0000015c
"000002e8","FUN_000002e8",$a,00000004
"00000918","FUN_00000918",$a,00000004
"000011a0","FUN_000011a0",$a,0000001c
"00000928","FUN_00000928",$a,00000004
"000026c0","FUN_000026c0_000026c0",$a,000001b8
"000002f0","FUN_000002f0",$a,00000004
"00000800","FUN_00000800",$a,00000004
"00000180","FUN_0001e7dc",$t,00000022
"00000920","FUN_00000920",$a,00000004
"00000248","FUN_00000248",$a,00000004
"00000368","FUN_00000368",$a,00000004
"00000488","FUN_00000488",$a,00000004
"00002670","FUN_00002670",$a,00000050
"00002300","FUN_00002300",$a,00000110
"000008b8","FUN_000008b8",$a,00000004
"00000250","FUN_00000250",$a,00000004
"00000370","FUN_00000370",$a,00000004
"000008b0","FUN_000008b0",$a,00000004
"00001218","FUN_000011bc_00001218",$a,000001c0
"000002f8","FUN_000002f8",$a,00000004
"000001d4","FUN_000001d4",$t,00000034
"000002c0","FUN_000002c0",$a,00000004
"000003e0","FUN_000003e0",$a,00000004
"00000218","FUN_00000218",$a,00000004
"00000338","FUN_00000338",$a,00000004
"00000458","FUN_00000458",$a,00000004
"00000578","FUN_00000578",$a,00000004
"00000698","FUN_00000698",$a,00000004
"00000210","FUN_00000210",$a,00000004
"00000330","FUN_00000330",$a,00000004
"00000340","FUN_00000340",$a,00000004
"00000460","FUN_00000460",$a,00000004
"00000580","FUN_00000580",$a,00000004
"000002c8","FUN_000002c8",$a,00000004
"000003e8","FUN_000003e8",$a,00000004
"00000f80","FUN_00000f80",$a,000000f8
"000002d0","FUN_000002d0",$a,00000004
"000003f0","FUN_000003f0",$a,00000004
"00000900","FUN_00000900",$a,00000004
"00000228","FUN_00000228",$a,00000004
"00000348","FUN_00000348",$a,00000004
"00002094","FUN_00002094",$a,0000004c
"00000468","FUN_00000468",$a,00000004
"00000588","FUN_00000588",$a,00000004
"00000220","FUN_00000220",$a,00000004
"00000230","FUN_00000230",$a,00000004
"00000350","FUN_00000350",$a,00000004
"00000470","FUN_00000470",$a,00000004
"00000590","FUN_00000590",$a,00000004
"00003614","FUN_00003614",$a,00000060
"000002d8","FUN_000002d8",$a,00000004
"000003f8","FUN_000003f8",$a,00000004
"00004cc4","nnroControlObject__00004cc4",$a,00000014
"00001538","switchD_00001530::switchdataD_00001538",$d,00000004
"00000908","FUN_00000908",$a,00000004
"00000a44","FUN_00000a44",$a,00000108
"00000718","FUN_00000718",$a,00000004
"00000838","FUN_00000838",$a,00000004
"00000958","FUN_00000958",$a,00000004
"00000710","FUN_00000710",$a,00000004
"00000830","FUN_00000830",$a,00000004
"00000950","FUN_00000950",$a,00000004
"00000278","FUN_00000278",$a,00000004
"00000398","FUN_00000398",$a,00000004
"00004eb0","FUN_00004eb0",$a,000000f8
"000006a8","FUN_000006a8",$a,00000004
"000007c8","FUN_000007c8",$a,00000004
"000008e8","FUN_000008e8",$a,00000004
"00000280","FUN_00000280",$a,00000004
"000006a0","FUN_000006a0",$a,00000004
"000007c0","FUN_000007c0",$a,00000004
"00004a88","FUN_00004a88",$a,000001b8
"000008e0","FUN_000008e0",$a,00000004
"00000608","FUN_00000608",$a,00000004
"00000728","FUN_00000728",$a,00000004
"00000848","FUN_00000848",$a,00000004
"00000968","FUN_00000968",$a,00000004
"00004e14","FUN_00004e14",$a,0000009c
"00002c38","FUN_00002c38",$a,000000dc
"00000600","FUN_00000600",$a,00000004
"00000720","FUN_00000720",$a,00000004
"00000840","FUN_00000840",$a,00000004
"00000288","FUN_00000288",$a,00000004
"00002aa0","FUN_00002aa0",$a,000000a0
"00003684","FUN_00003684",$a,00000104
"00000b5c","FUN_00000b5c",$a,000002e4
"000006b8","FUN_000006b8",$a,00000004
"000007d8","FUN_000007d8",$a,00000004
"000008f8","FUN_000008f8",$a,00000004
"00000290","FUN_00000290",$a,00000004
"00004648","FUN_00004648",$a,0000004c
"000006b0","FUN_000006b0",$a,00000004
"000007d0","FUN_000007d0",$a,00000004
"000008f0","FUN_000008f0",$a,00000004
"00000818","FUN_00000818",$a,00000004
"00000938","FUN_00000938",$a,00000004
"00004d70","OnExit",$d,00000001
"00000810","FUN_00000810",$a,00000004
"00000930","FUN_00000930",$a,00000004
"00000258","FUN_00000258",$a,00000004
"00000378","FUN_00000378",$a,00000004
"00000498","FUN_00000498",$a,00000004
"00005148","FUN_00005148",$a,00000018
"000008c8","FUN_000008c8",$a,00000004
"00004974","FUN_00004974",$a,00000030
"00001f48","FUN_00001a34_00001f48",$a,00000144
"00000260","FUN_00000260",$a,00000004
"00000380","FUN_00000380",$a,00000004
"00004fa8","FUN_00004fa8",$a,0000009c
"00004738","FUN_00004738",$a,00000090
"00001558","FUN_00001508_00001558",$a,00000178
"000008c0","FUN_000008c0",$a,00000004
"00002d8c","FUN_00002d24_00002d8c",$a,00000454
"00000708","FUN_00000708",$a,00000004
"00000828","FUN_00000828",$a,00000004
"00000948","FUN_00000948",$a,00000004
"00000700","FUN_00000700",$a,00000004
"00000820","FUN_00000820",$a,00000004
"00005044","FUN_00005044",$a,000000f8
"00000940","FUN_00000940",$a,00000004
"00005164","FUN_00005164",$a,00000040
"00000268","FUN_00000268",$a,00000004
"00000388","FUN_00000388",$a,00000004
"000013ec","FUN_000013ec",$a,00000118
"00002d70","switchD_00002d68::switchdataD_00002d70",$d,00000004
"00004cd8","switchD_00004cd0::switchdataD_00004cd8",$d,00000004
"000007b8","FUN_000007b8",$a,00000004
"00000270","FUN_00000270",$a,00000004
"00000390","FUN_00000390",$a,00000004
"00004d78","OnUnresolved",$d,00000001
"000008d0","FUN_000008d0",$a,00000004
"00000518","FUN_00000518",$a,00000004
"000002e0","FUN_00000a28_000002e0",$a,00000004
"00000638","FUN_00000638",$a,00000004
"00000758","FUN_00000758",$a,00000004
"00000878","FUN_00000878",$a,00000004
"00000510","FUN_00000510",$a,00000004
"00000750","FUN_00000750",$a,00000004
"00000870","FUN_00000870",$a,00000004
"000004a8","FUN_000004a8",$a,00000004
"000005c8","FUN_000005c8",$a,00000004
"000006e8","FUN_000006e8",$a,00000004
"000004a0","FUN_000004a0",$a,00000004
"000005c0","FUN_000005c0",$a,00000004
"000006e0","FUN_000006e0",$a,00000004
"000044f8","FUN_000044f8",$a,000000e0
"00000408","FUN_00000408",$a,00000004
"00000528","FUN_00000528",$a,00000004
"000042b8","FUN_000042b8",$a,00000094
"00000648","FUN_00000648",$a,00000004
"00000768","FUN_00000768",$a,00000004
"00000888","FUN_00000888",$a,00000004
"00000400","FUN_00000400",$a,00000004
"00004694","FUN_00004694",$a,000000a4
"00000520","FUN_00000520",$a,00000004
"00000640","FUN_00000640",$a,00000004
"00000760","FUN_00000760",$a,00000004
"00002b4c","FUN_00002b4c",$a,000000dc
"00000880","FUN_00000880",$a,00000004
"00000890","FUN_00000890",$a,00000004
"000004b8","FUN_000004b8",$a,00000004
"000005d8","FUN_000005d8",$a,00000004
"000006f8","FUN_000006f8",$a,00000004
"000004b0","FUN_000004b0",$a,00000004
"000005d0","FUN_000005d0",$a,00000004
"000006f0","FUN_000006f0",$a,00000004
"00003eec","FUN_00003eec",$a,00000384
"00000618","FUN_00000618",$a,00000004
"000011e0","switchD_000011d8::switchdataD_000011e0",$d,00000004
"00000738","FUN_00000738",$a,00000004
"00000858","FUN_00000858",$a,00000004
"00000978","FUN_00000978",$a,000000b0
"00000610","FUN_00000610",$a,00000004
"00000730","FUN_00000730",$a,00000004
"00000850","FUN_00000850",$a,00000004
"00000a28","FUN_00000a28_00000a28",$a,0000001c
"00000970","FUN_00000970",$a,00000004
"00000298","FUN_00000298",$a,00000004
"000005a8","FUN_000005a8",$a,00000004
"000006c8","FUN_000006c8",$a,00000004
"000007e8","FUN_000007e8",$a,00000004
"000005a0","FUN_000005a0",$a,00000004
"000006c0","FUN_000006c0",$a,00000004
"000007e0","FUN_000007e0",$a,00000004
"0000379c","FUN_0000379c",$a,00000050
"000045f8","FUN_000045f8",$a,00000030
"00000508","FUN_00000508",$a,00000004
"00000748","FUN_00000748",$a,00000004
"000039a0","FUN_000039a0",$a,00000138
"00000868","FUN_00000868",$a,00000004
"00000500","FUN_00000500",$a,00000004
"00000620","FUN_00000620",$a,00000004
"00000740","FUN_00000740",$a,00000004
"00000860","FUN_00000860",$a,00000004
"000005b8","FUN_000005b8",$a,00000004
"000006d8","FUN_000006d8",$a,00000004
"000007f8","FUN_000007f8",$a,00000004
"000005b0","FUN_000005b0",$a,00000004
"000006d0","FUN_000006d0",$a,00000004
"000007f0","FUN_000007f0",$a,00000004
